"","x"
"1","Al Horford"
"2","Paul Millsap"
"3","Jeff Teague"
"4","Kyle Korver"
"5","Dennis Schroder"
"6","Elton Brand"
"7","DeMarre Carroll"
"8","Cartier Martin"
"9","Mike Scott"
"10","Pero Antic"
"11","John Jenkins"
"12","Shelvin Mack"
"13","Gustavo Ayon"
"14","Lou Williams"
"15","James Nunnally"
"16","Jared Cunningham"
"17","Dexter Pittman"
"18","Mike Muscala"
"19","Kent Bazemore"
"20","Thabo Sefolosha"
"21","Adreian Payne"
"22","Vitor Faverani"
"23","Avery Bradley"
"24","Brandon Bass"
"25","Jeff Green"
"26","Jordan Crawford"
"27","Kelly Olynyk"
"28","Courtney Lee"
"29","Kris Humphries"
"30","Phil Pressey"
"31","Gerald Wallace"
"32","Jared Sullinger"
"33","Keith Bogans"
"34","MarShon Brooks"
"35","Jerryd Bayless"
"36","Rajon Rondo"
"37","Chris Johnson"
"38","Joel Anthony"
"39","Vander Blue"
"40","Chris Babb"
"41","Marcus Thornton"
"42","Evan Turner"
"43","Tyler Zeller"
"44","Marcus Smart"
"45","James Young"
"46","Dwight Powell"
"47","Brandan Wright"
"48","Jameer Nelson"
"49","Jae Crowder"
"50","Tayshaun Prince"
"51","Shavlik Randolph"
"52","Isaiah Thomas"
"53","Jonas Jerebko"
"54","Gigi Datome"
"55","Paul Pierce"
"56","Brook Lopez"
"57","Kevin Garnett"
"58","Joe Johnson"
"59","Deron Williams"
"60","Andray Blatche"
"61","Alan Anderson"
"62","Jason Terry"
"63","Reggie Evans"
"64","Shaun Livingston"
"65","Andrei Kirilenko"
"66","Mirza Teletovic"
"67","Mason Plumlee"
"68","Tyshawn Taylor"
"69","Tornike Shengelia"
"70","Marquis Teague"
"71","Jason Collins"
"72","Jorge Gutierrez"
"73","Bojan Bogdanovic"
"74","Jarrett Jack"
"75","Cory Jefferson"
"76","Jerome Jordan"
"77","Sergey Karasev"
"78","Markel Brown"
"79","Brandon Davies"
"80","Darius Morris"
"81","Thaddeus Young"
"82","Jimmy Butler"
"83","Derrick Rose"
"84","Carlos Boozer"
"85","Taj Gibson"
"86","Luol Deng"
"87","Mike Dunleavy"
"88","Kirk Hinrich"
"89","Tony Snell"
"90","Joakim Noah"
"91","Nazr Mohammed"
"92","Erik Murphy"
"93","Mike James"
"94","D.J. Augustin"
"95","Jimmer Fredette"
"96","Pau Gasol"
"97","Aaron Brooks"
"98","Doug McDermott"
"99","Nikola Mirotic"
"100","Cameron Bairstow"
"101","E'Twaun Moore"
"102","Tristan Thompson"
"103","Dion Waiters"
"104","Earl Clark"
"105","Kyrie Irving"
"106","Anderson Varejao"
"107","Anthony Bennett"
"108","Andrew Bynum"
"109","CJ Miles"
"110","Alonzo Gee"
"111","Henry Sims"
"112","Matthew Dellavedova"
"113","Carrick Felix"
"114","Spencer Hawes"
"115","Arinze Onuaku"
"116","Shane Edwards"
"117","Seth Curry"
"118","Scotty Hopson"
"119","Kevin Love"
"120","LeBron James"
"121","Shawn Marion"
"122","Mike Miller"
"123","Joe Harris"
"124","Will Cherry"
"125","Lou Amundson"
"126","Brendan Haywood"
"127","James Jones"
"128","Alex Kirk"
"129","A.J. Price"
"130","J.R. Smith"
"131","Timofey Mozgov"
"132","Iman Shumpert"
"133","Kendrick Perkins"
"134","Dirk Nowitzki"
"135","Samuel Dalembert"
"136","Jose Calderon"
"137","Monta Ellis"
"138","Vince Carter"
"139","DeJuan Blair"
"140","Wayne Ellington"
"141","Gal Mekel"
"142","Ricky Ledo"
"143","Bernard James"
"144","Shane Larkin"
"145","Devin Harris"
"146","Tyson Chandler"
"147","Chandler Parsons"
"148","Al-Farouq Aminu"
"149","Richard Jefferson"
"150","Jose Juan Barea"
"151","Greg Smith"
"152","Charlie Villanueva"
"153","Raymond Felton"
"154","Amar'e Stoudemire"
"155","Ty Lawson"
"156","JaVale McGee"
"157","JJ Hickson"
"158","Randy Foye"
"159","Anthony Randolph"
"160","Andre Miller"
"161","Evan Fournier"
"162","Kenneth Faried"
"163","Nate Robinson"
"164","Darrell Arthur"
"165","Jordan Hamilton"
"166","Wilson Chandler"
"167","Quincy Miller"
"168","Jan Vesely"
"169","Arron Afflalo"
"170","Danilo Gallinari"
"171","Jusuf Nurkic"
"172","Erick Green"
"173","Gary Harris"
"174","Will Barton"
"175","Joffrey Lauvergne"
"176","Will Bynum"
"177","Chauncey Billups"
"178","Andre Drummond"
"179","Greg Monroe"
"180","Kentavious Caldwell-Pope"
"181","Josh Smith"
"182","Kyle Singler"
"183","Rodney Stuckey"
"184","Brandon Jennings"
"185","Tony Mitchell"
"186","Josh Harrellson"
"187","Peyton Siva"
"188","Caron Butler"
"189","Spencer Dinwiddie"
"190","Jodie Meeks"
"191","Anthony Tolliver"
"192","John Lucas III"
"193","Reggie Jackson"
"194","Shawne Williams"
"195","David Lee"
"196","Klay Thompson"
"197","Stephen Curry"
"198","Andre Iguodala"
"199","Jermaine O'Neal"
"200","Marreese Speights"
"201","Draymond Green"
"202","Toney Douglas"
"203","Andrew Bogut"
"204","Ognjen Kuzmic"
"205","Nemanja Nedovic"
"206","Harrison Barnes"
"207","Dewayne Dedmon"
"208","Hilton Armstrong"
"209","Steve Blake"
"210","Festus Ezeli"
"211","Leandro Barbosa"
"212","Brandon Rush"
"213","Justin Holiday"
"214","James Michael McAdoo"
"215","Patrick Beverley"
"216","James Harden"
"217","Dwight Howard"
"218","Omer Asik"
"219","Omri Casspi"
"220","Jeremy Lin"
"221","Francisco Garcia"
"222","Donatas Motiejunas"
"223","Terrence Jones"
"224","Ronnie Brewer"
"225","Isaiah Canaan"
"226","Robert Covington"
"227","Troy Daniels"
"228","Josh Powell"
"229","Trevor Ariza"
"230","Tarik Black"
"231","Kostas Papanikolaou"
"232","Nick Johnson"
"233","Joey Dorsey"
"234","Clint Capela"
"235","Corey Brewer"
"236","Alexey Shved"
"237","KJ McDaniels"
"238","Pablo Prigioni"
"239","David West"
"240","Paul George"
"241","Lance Stephenson"
"242","Roy Hibbert"
"243","George Hill"
"244","Orlando Johnson"
"245","Luis Scola"
"246","Solomon Hill"
"247","CJ Watson"
"248","Ian Mahinmi"
"249","Donald Sloan"
"250","Chris Copeland"
"251","Rasual Butler"
"252","Danny Granger"
"253","Lavoy Allen"
"254","Damjan Rudez"
"255","Shayne Whittington"
"256","JJ Redick"
"257","Jared Dudley"
"258","DeAndre Jordan"
"259","Chris Paul"
"260","Blake Griffin"
"261","Matt Barnes"
"262","Darren Collison"
"263","Jamal Crawford"
"264","Ryan Hollins"
"265","Reggie Bullock"
"266","Byron Mullens"
"267","Willie Green"
"268","Antawn Jamison"
"269","Stephen Jackson"
"270","Maalik Wayns"
"271","Hedo Turkoglu"
"272","Sasha Vujacic"
"273","Glen Davis"
"274","Chris Douglas-Roberts"
"275","Jordan Farmar"
"276","Ekpe Udoh"
"277","CJ Wilcox"
"278","Austin Rivers"
"279","Dahntay Jones"
"280","Nick Young"
"281","Steve Nash"
"282","Chris Kaman"
"283","Xavier Henry"
"284","Wesley Johnson"
"285","Jordan Hill"
"286","Elias Harris"
"287","Robert Sacre"
"288","Ryan Kelly"
"289","Kobe Bryant"
"290","Kendall Marshall"
"291","Manny Harris"
"292","Jordan Clarkson"
"293","Ronnie Price"
"294","Julius Randle"
"295","Ed Davis"
"296","Mike Conley"
"297","Marc Gasol"
"298","Zach Randolph"
"299","Tony Allen"
"300","Quincy Pondexter"
"301","Kosta Koufos"
"302","Nick Calathes"
"303","Jon Leuer"
"304","Jamaal Franklin"
"305","James Johnson"
"306","Beno Udrih"
"307","Jarnell Stokes"
"308","Jordan Adams"
"309","Kalin Lucas"
"310","Tyrus Thomas"
"311","JaMychal Green"
"312","Russ Smith"
"313","Udonis Haslem"
"314","Dwyane Wade"
"315","Chris Bosh"
"316","Mario Chalmers"
"317","Shane Battier"
"318","Ray Allen"
"319","Norris Cole"
"320","Chris Andersen"
"321","Roger Mason Jr."
"322","Rashard Lewis"
"323","Michael Beasley"
"324","Greg Oden"
"325","DeAndre Liggins"
"326","Justin Hamilton"
"327","Shabazz Napier"
"328","James Ennis"
"329","Josh McRoberts"
"330","Andre Dawkins"
"331","Shannon Brown"
"332","Hassan Whiteside"
"333","Tyler Johnson"
"334","Goran Dragic"
"335","Henry Walker"
"336","Nikola Pekovic"
"337","Kevin Martin"
"338","Ricky Rubio"
"339","Dante Cunningham"
"340","Ronny Turiaf"
"341","Derrick Williams"
"342","Gorgui Dieng"
"343","Shabazz Muhammad"
"344","Robbie Hummel"
"345","Luc Mbah a Moute"
"346","Chase Budinger"
"347","Othyus Jeffers"
"348","Andrew Wiggins"
"349","Mo Williams"
"350","Zach LaVine"
"351","Glenn Robinson"
"352","Jeff Adrien"
"353","Miroslav Raduljica"
"354","Lorenzo Brown"
"355","Gary Neal"
"356","O.J. Mayo"
"357","Khris Middleton"
"358","Larry Sanders"
"359","Ersan Ilyasova"
"360","Zaza Pachulia"
"361","Nate Wolters"
"362","John Henson"
"363","Giannis Antetokounmpo"
"364","Brandon Knight"
"365","Luke Ridnour"
"366","Ramon Sessions"
"367","Chris Wright"
"368","DJ Stephens"
"369","Jabari Parker"
"370","Johnny O'Bryant"
"371","Kenyon Martin"
"372","Tyler Ennis"
"373","Miles Plumlee"
"374","Michael Carter-Williams"
"375","Carmelo Anthony"
"376","Metta World Peace"
"377","Andrea Bargnani"
"378","Tim Hardaway Jr."
"379","Toure Murry"
"380","Cole Aldrich"
"381","Jeremy Tyler"
"382","Jason Smith"
"383","Quincy Acy"
"384","Travis Wear"
"385","Cleanthony Early"
"386","Langston Galloway"
"387","Lance Thomas"
"388","Jrue Holiday"
"389","Anthony Davis"
"390","Eric Gordon"
"391","Tyreke Evans"
"392","Anthony Morrow"
"393","Brian Roberts"
"394","Greg Stiemsma"
"395","Jeff Withey"
"396","Ryan Anderson"
"397","Darius Miller"
"398","Alexis Ajinca"
"399","Luke Babbitt"
"400","James Southerland"
"401","Melvin Ely"
"402","John Salmons"
"403","Elliot Williams"
"404","Serge Ibaka"
"405","Kevin Durant"
"406","Jeremy Lamb"
"407","Nick Collison"
"408","Derek Fisher"
"409","Perry Jones"
"410","Steven Adams"
"411","Andre Roberson"
"412","Ryan Gomes"
"413","Russell Westbrook"
"414","Hasheem Thabeet"
"415","Royal Ivey"
"416","Reggie Williams"
"417","Mustafa Shakur"
"418","Sebastian Telfair"
"419","Ish Smith"
"420","Grant Jerrett"
"421","Mitch McGary"
"422","Enes Kanter"
"423","Steve Novak"
"424","Jason Maxiell"
"425","Nikola Vucevic"
"426","Maurice Harkless"
"427","Andrew Nicholson"
"428","Victor Oladipo"
"429","Kyle O'Quinn"
"430","Solomon Jones"
"431","Doron Lamb"
"432","Tobias Harris"
"433","Adonis Thomas"
"434","Elfrid Payton"
"435","Ben Gordon"
"436","Aaron Gordon"
"437","Devyn Marble"
"438","Channing Frye"
"439","Tony Wroten"
"440","James Anderson"
"441","Daniel Orton"
"442","Hollis Thompson"
"443","Arnett Moultrie"
"444","Eric Maynor"
"445","Jarvis Varnado"
"446","Darius Johnson-Odom"
"447","Casper Ware"
"448","Nerlens Noel"
"449","JaKarr Sampson"
"450","Malcolm Thomas"
"451","Drew Gordon"
"452","Jerami Grant"
"453","Malcolm Lee"
"454","Furkan Aldemir"
"455","Larry Drew"
"456","Tim Frazier"
"457","Jason Richardson"
"458","Thomas Robinson"
"459","Eric Bledsoe"
"460","Marcus Morris"
"461","PJ Tucker"
"462","Gerald Green"
"463","Archie Goodwin"
"464","Alex Len"
"465","Markieff Morris"
"466","Dionte Christmas"
"467","Viacheslav Kravtsov"
"468","Zoran Dragic"
"469","TJ Warren"
"470","Earl Barron"
"471","LaMarcus Aldridge"
"472","Robin Lopez"
"473","Nicolas Batum"
"474","Damian Lillard"
"475","Wesley Matthews"
"476","Joel Freeland"
"477","Dorell Wright"
"478","Allen Crabbe"
"479","Meyers Leonard"
"480","Earl Watson"
"481","CJ McCollum"
"482","Victor Claver"
"483","Greivis Vasquez"
"484","DeMarcus Cousins"
"485","Patrick Patterson"
"486","Ben McLemore"
"487","Travis Outlaw"
"488","Jason Thompson"
"489","Charles Hayes"
"490","Hamady Ndiaye"
"491","Ray McCallum"
"492","Rudy Gay"
"493","Aaron Gray"
"494","Carl Landry"
"495","Royce White"
"496","Nik Stauskas"
"497","Eric Moreland"
"498","David Stockton"
"499","Kawhi Leonard"
"500","Tim Duncan"
"501","Tony Parker"
"502","Danny Green"
"503","Tiago Splitter"
"504","Manu Ginobili"
"505","Matt Bonner"
"506","Patty Mills"
"507","Marco Belinelli"
"508","Jeff Ayres"
"509","Boris Diaw"
"510","Aron Baynes"
"511","Nando De Colo"
"512","Cory Joseph"
"513","Austin Daye"
"514","Damion James"
"515","Kyle Anderson"
"516","DeMar DeRozan"
"517","Amir Johnson"
"518","Jonas Valanciunas"
"519","Kyle Lowry"
"520","Tyler Hansbrough"
"521","Landry Fields"
"522","Terrence Ross"
"523","Dwight Buycks"
"524","Julyan Stone"
"525","Bruno Caboclo"
"526","Lucas Nogueira"
"527","Derrick Favors"
"528","Gordon Hayward"
"529","Alec Burks"
"530","Michael Harris"
"531","Rudy Gobert"
"532","Jamaal Tinsley"
"533","Ian Clark"
"534","Marvin Williams"
"535","Diante Garrett"
"536","Jeremy Evans"
"537","Trey Burke"
"538","Andris Biedrins"
"539","Trevor Booker"
"540","Rodney Hood"
"541","Dante Exum"
"542","Joe Ingles"
"543","Patrick Christopher"
"544","Elijah Millsap"
"545","Bryce Cotton"
"546","Jack Cooley"
"547","Nene"
"548","John Wall"
"549","Bradley Beal"
"550","Marcin Gortat"
"551","Al Harrington"
"552","Garrett Temple"
"553","Kevin Seraphin"
"554","Martell Webster"
"555","Glen Rice Jr."
"556","Chris Singleton"
"557","Otto Porter"
"558","Drew Gooden"
"559","Al Jefferson"
"560","Kemba Walker"
"561","Gerald Henderson"
"562","Michael Kidd-Gilchrist"
"563","Bismack Biyombo"
"564","Cody Zeller"
"565","Jeff Taylor"
"566","Jannero Pargo"
"567","DJ White"
"568","PJ Hairston"
"569","Noah Vonleh"
